[
    {
        "hospital_id" : "655b2dbc561cd19dd490188a",
        "eventName" : "Bệnh viện A",
        "images" : "https://res.cloudinary.com/bloodnheart/image/upload/v1700060680/image-default/default_image_profile_mdpdlu.jpg",
        "date_start" : null,
        "date_end" : null,
        "amount" : 20,
        "address" : "Việt Nam",
        "status" : null,
        "listusers": []
    },
    {
        "hospital_id" : "655b2dbc561cd19dd490188a",
        "eventName" : "Bệnh viện S",
        "images" : "https://res.cloudinary.com/bloodnheart/image/upload/v1700060680/image-default/default_image_profile_mdpdlu.jpg",
        "date_start" : null,
        "date_end" : null,
        "amount" : 20,
        "address" : "Việt Nam",
        "status" : null,
        "listusers": []
    },
    {
        "hospital_id" : "655b2dbc561cd19dd490188a",
        "eventName" : "Bệnh viện D",
        "images" : "https://res.cloudinary.com/bloodnheart/image/upload/v1700060680/image-default/default_image_profile_mdpdlu.jpg",
        "date_start" : null,
        "date_end" : null,
        "amount" : 20,
        "address" : "Việt Nam",
        "status" : null,
        "listusers": []
    },
    {
        "hospital_id" : "655b2dbc561cd19dd490188a",
        "eventName" : "Bệnh viện F",
        "images" : "https://res.cloudinary.com/bloodnheart/image/upload/v1700060680/image-default/default_image_profile_mdpdlu.jpg",
        "date_start" : null,
        "date_end" : null,
        "amount" : 20,
        "address" : "Việt Nam",
        "status" : null,
        "listusers": []
    },
    {
        "hospital_id" : "655b2dbc561cd19dd490188a",
        "eventName" : "Bệnh viện G",
        "images" : "https://res.cloudinary.com/bloodnheart/image/upload/v1700060680/image-default/default_image_profile_mdpdlu.jpg",
        "date_start" : null,
        "date_end" : null,
        "amount" : 20,
        "address" : "Việt Nam",
        "status" : null,
        "listusers": []
    },
    {
        "hospital_id" : "655b2dbc561cd19dd490188a",
        "eventName" : "Bệnh viện H",
        "images" : "https://res.cloudinary.com/bloodnheart/image/upload/v1700060680/image-default/default_image_profile_mdpdlu.jpg",
        "date_start" : null,
        "date_end" : null,
        "amount" : 20,
        "address" : "Việt Nam",
        "status" : null,
        "listusers": []
    },
    {
        "hospital_id" : "655b2dbc561cd19dd490188a",
        "eventName" : "Bệnh viện J",
        "images" : "https://res.cloudinary.com/bloodnheart/image/upload/v1700060680/image-default/default_image_profile_mdpdlu.jpg",
        "date_start" : null,
        "date_end" : null,
        "amount" : 20,
        "address" : "Việt Nam",
        "status" : null,
        "listusers": []
    }
]